date,weekday,n1,n2,n3,n4,n5,n6,n7,bonus,,,,,,,,,,,,,,,,,,,,,,,,,,,,,
2026-03-20 00:00:00,Fri,2,14,25,31,36,41,47,,,,,,,,,,,,,,,,,,,,,,,,,,,,,,
2026-03-17 00:00:00,Tue,7,10,24,25,34,45,49,,,,,,,,,,,,,,,,,,,,,,,,,,,,,,
2026-03-13 00:00:00,Fri,6,7,23,25,29,30,38,,,,,,,,,,,,,,,,,,,,,,,,,,,,,,
2026-03-10 00:00:00,Tue,14,16,22,28,33,37,48,,,,,,,,,,,,,,,,,,,,,,,,,,,,,,
2026-03-06 00:00:00,Fri,3,6,12,21,28,35,41,,,,,,,,,,,,,,,,,,,,,,,,,,,,,,
2026-03-03 00:00:00,Tue,1,3,4,18,20,23,31,,,,,,,,,,,,,,,,,,,,,,,,,,,,,,
2026-02-27 00:00:00,Fri,7,9,22,24,34,36,37,19,,,,,,,,,,,,,,,,,,,,,,,,,,,,,
2026-02-24 00:00:00,Tue,6,8,10,25,27,30,31,44,,,,,,,,,,,,,,,,,,,,,,,,,,,,,
2026-02-20 00:00:00,Fri,15,16,29,31,32,45,49,25,,,,,,,,,,,,,,,,,,,,,,,,,,,,,
2026-02-17 00:00:00,Tue,10,11,18,22,28,34,36,45,,,,,,,,,,,,,,,,,,,,,,,,,,,,,
2026-02-13 00:00:00,Fri,3,13,26,36,41,42,43,37,,,,,,,,,,,,,,,,,,,,,,,,,,,,,
2026-02-10 00:00:00,Tue,4,7,17,26,28,30,35,10,,,,,,,,,,,,,,,,,,,,,,,,,,,,,
2026-02-06 00:00:00,Fri,6,23,25,29,40,45,48,33,,,,,,,,,,,,,,,,,,,,,,,,,,,,,
2026-02-03 00:00:00,Tue,4,19,20,31,34,45,48,40,,,,,,,,,,,,,,,,,,,,,,,,,,,,,
2026-01-30 00:00:00,Fri,30,34,38,43,44,46,49,42,,,,,,,,,,,,,,,,,,,,,,,,,,,,,
2026-01-27 00:00:00,Tue,5,9,24,30,36,39,43,21,,,,,,,,,,,,,,,,,,,,,,,,,,,,,
2026-01-23 00:00:00,Fri,3,9,13,16,18,27,29,2,,,,,,,,,,,,,,,,,,,,,,,,,,,,,
2026-01-20 00:00:00,Tue,3,9,15,17,22,31,33,50,,,,,,,,,,,,,,,,,,,,,,,,,,,,,
2026-01-16 00:00:00,Fri,6,9,13,41,43,45,48,34,,,,,,,,,,,,,,,,,,,,,,,,,,,,,
2026-01-13 00:00:00,Tue,14,18,21,22,32,42,46,,,,,,,,,,,,,,,,,,,,,,,,,,,,,,
2026-01-09 00:00:00,Fri,9,21,26,31,34,36,43,,,,,,,,,,,,,,,,,,,,,,,,,,,,,,
2026-01-06 00:00:00,Tue,12,21,26,31,37,39,50,,,,,,,,,,,,,,,,,,,,,,,,,,,,,,
2026-01-02 00:00:00,Fri,5,9,11,22,30,41,43,,,,,,,,,,,,,,,,,,,,,,,,,,,,,,
2025-12-30 00:00:00,Tue,5,21,32,38,43,44,45,,,,,,,,,,,,,,,,,,,,,,,,,,,,,,
2025-12-26 00:00:00,Fri,2,6,14,20,43,46,47,,,,,,,,,,,,,,,,,,,,,,,,,,,,,,
2025-12-23 00:00:00,Tue,3,28,37,38,39,41,43,,,,,,,,,,,,,,,,,,,,,,,,,,,,,,
2025-12-19 00:00:00,Fri,3,5,20,29,35,38,46,,,,,,,,,,,,,,,,,,,,,,,,,,,,,,
2025-12-16 00:00:00,Tue,1,6,31,35,37,45,49,,,,,,,,,,,,,,,,,,,,,,,,,,,,,,
2025-12-12 00:00:00,Fri,4,16,25,28,36,38,41,9,,,,,,,,,,,,,,,,,,,,,,,,,,,,,
2025-12-09 00:00:00,Tue,3,19,20,29,30,34,49,22,,,,,,,,,,,,,,,,,,,,,,,,,,,,,
2025-12-05 00:00:00,Fri,4,15,32,34,40,45,48,7,,,,,,,,,,,,,,,,,,,,,,,,,,,,,
2025-12-02 00:00:00,Tue,7,8,16,21,33,34,37,20,,,,,,,,,,,,,,,,,,,,,,,,,,,,,
2025-11-28 00:00:00,Fri,1,7,12,16,28,47,50,45,,,,,,,,,,,,,,,,,,,,,,,,,,,,,
2025-11-25 00:00:00,Tue,12,15,16,19,21,40,48,4,,,,,,,,,,,,,,,,,,,,,,,,,,,,,
2025-11-21 00:00:00,Fri,7,8,20,30,39,40,47,34,,,,,,,,,,,,,,,,,,,,,,,,,,,,,
2025-11-18 00:00:00,Tue,10,18,21,28,32,38,41,47,,,,,,,,,,,,,,,,,,,,,,,,,,,,,
2025-11-14 00:00:00,Fri,1,7,17,23,27,35,43,4,,,,,,,,,,,,,,,,,,,,,,,,,,,,,
2025-11-11 00:00:00,Tue,1,4,8,18,27,42,50,19,,,,,,,,,,,,,,,,,,,,,,,,,,,,,
2025-11-07 00:00:00,Fri,5,28,31,33,39,40,49,45,,,,,,,,,,,,,,,,,,,,,,,,,,,,,
2025-11-04 00:00:00,Tue,3,4,24,26,28,32,33,45,,,,,,,,,,,,,,,,,,,,,,,,,,,,,
2025-10-31 00:00:00,Fri,12,14,22,29,30,46,48,31,,,,,,,,,,,,,,,,,,,,,,,,,,,,,
2025-10-28 00:00:00,Tue,6,14,17,19,26,43,45,27,,,,,,,,,,,,,,,,,,,,,,,,,,,,,
2025-10-24 00:00:00,Fri,9,16,22,31,36,44,47,40,,,,,,,,,,,,,,,,,,,,,,,,,,,,,
2025-10-21 00:00:00,Tue,1,7,17,18,25,28,45,12,,,,,,,,,,,,,,,,,,,,,,,,,,,,,
2025-10-17 00:00:00,Fri,4,19,20,23,24,43,45,5,,,,,,,,,,,,,,,,,,,,,,,,,,,,,
2025-10-14 00:00:00,Tue,3,9,12,15,28,30,37,1,,,,,,,,,,,,,,,,,,,,,,,,,,,,,
2025-10-10 00:00:00,Fri,4,9,10,16,33,45,50,36,,,,,,,,,,,,,,,,,,,,,,,,,,,,,
2025-10-07 00:00:00,Tue,5,6,16,26,29,37,44,46,,,,,,,,,,,,,,,,,,,,,,,,,,,,,
2025-10-03 00:00:00,Fri,10,17,22,30,36,42,45,33,,,,,,,,,,,,,,,,,,,,,,,,,,,,,
2025-09-30 00:00:00,Tue,14,22,27,31,33,39,50,7,,,,,,,,,,,,,,,,,,,,,,,,,,,,,
2025-09-26 00:00:00,Fri,10,11,21,23,32,36,45,13,,,,,,,,,,,,,,,,,,,,,,,,,,,,,
2025-09-23 00:00:00,Tue,8,9,23,30,38,40,43,41,,,,,,,,,,,,,,,,,,,,,,,,,,,,,
2025-09-19 00:00:00,Fri,3,8,16,26,37,40,44,5,,,,,,,,,,,,,,,,,,,,,,,,,,,,,
2025-09-16 00:00:00,Tue,12,18,25,30,31,38,43,34,,,,,,,,,,,,,,,,,,,,,,,,,,,,,
2025-09-12 00:00:00,Fri,2,3,7,9,13,23,41,42,,,,,,,,,,,,,,,,,,,,,,,,,,,,,
2025-09-09 00:00:00,Tue,2,8,18,25,27,34,42,10,,,,,,,,,,,,,,,,,,,,,,,,,,,,,
2025-09-05 00:00:00,Fri,4,16,20,30,34,46,50,40,,,,,,,,,,,,,,,,,,,,,,,,,,,,,
2025-09-02 00:00:00,Tue,4,14,22,35,37,38,49,45,,,,,,,,,,,,,,,,,,,,,,,,,,,,,
2025-08-29 00:00:00,Fri,3,5,12,18,20,31,34,16,,,,,,,,,,,,,,,,,,,,,,,,,,,,,
2025-08-26 00:00:00,Tue,3,7,14,22,29,33,50,43,,,,,,,,,,,,,,,,,,,,,,,,,,,,,
2025-08-22 00:00:00,Fri,5,8,9,21,22,30,45,16,,,,,,,,,,,,,,,,,,,,,,,,,,,,,
2025-08-19 00:00:00,Tue,7,10,11,17,19,34,45,36,,,,,,,,,,,,,,,,,,,,,,,,,,,,,
2025-08-15 00:00:00,Fri,4,9,19,21,27,41,44,11,,,,,,,,,,,,,,,,,,,,,,,,,,,,,
2025-08-12 00:00:00,Tue,15,16,21,27,28,33,39,10,,,,,,,,,,,,,,,,,,,,,,,,,,,,,
2025-08-08 00:00:00,Fri,7,8,18,28,31,36,41,1,,,,,,,,,,,,,,,,,,,,,,,,,,,,,
2025-08-05 00:00:00,Tue,4,8,12,26,29,33,37,24,,,,,,,,,,,,,,,,,,,,,,,,,,,,,
2025-08-01 00:00:00,Fri,12,21,26,35,39,44,50,18,,,,,,,,,,,,,,,,,,,,,,,,,,,,,
2025-07-29 00:00:00,Tue,10,13,15,17,33,37,46,3,,,,,,,,,,,,,,,,,,,,,,,,,,,,,
2025-07-25 00:00:00,Fri,9,10,22,29,35,37,46,38,,,,,,,,,,,,,,,,,,,,,,,,,,,,,
2025-07-22 00:00:00,Tue,2,3,8,10,42,46,47,20,,,,,,,,,,,,,,,,,,,,,,,,,,,,,
2025-07-18 00:00:00,Fri,9,14,33,40,41,43,44,4,,,,,,,,,,,,,,,,,,,,,,,,,,,,,
2025-07-15 00:00:00,Tue,3,4,7,14,24,41,43,27,,,,,,,,,,,,,,,,,,,,,,,,,,,,,
2025-07-11 00:00:00,Fri,4,5,10,34,36,44,50,23,,,,,,,,,,,,,,,,,,,,,,,,,,,,,
2025-07-08 00:00:00,Tue,7,8,18,27,38,48,50,5,,,,,,,,,,,,,,,,,,,,,,,,,,,,,
2025-07-04 00:00:00,Fri,6,14,23,31,34,35,42,1,,,,,,,,,,,,,,,,,,,,,,,,,,,,,
2025-07-01 00:00:00,Tue,2,5,14,26,33,35,36,10,,,,,,,,,,,,,,,,,,,,,,,,,,,,,
2025-06-27 00:00:00,Fri,8,12,15,27,31,42,47,41,,,,,,,,,,,,,,,,,,,,,,,,,,,,,
2025-06-24 00:00:00,Tue,1,2,7,32,45,46,48,24,,,,,,,,,,,,,,,,,,,,,,,,,,,,,
2025-06-20 00:00:00,Fri,14,17,20,24,42,47,50,25,,,,,,,,,,,,,,,,,,,,,,,,,,,,,
2025-06-17 00:00:00,Tue,2,10,25,36,46,48,50,29,,,,,,,,,,,,,,,,,,,,,,,,,,,,,
2025-06-13 00:00:00,Fri,2,28,34,37,40,46,47,32,,,,,,,,,,,,,,,,,,,,,,,,,,,,,
2025-06-10 00:00:00,Tue,5,9,20,31,37,49,50,29,,,,,,,,,,,,,,,,,,,,,,,,,,,,,
2025-06-06 00:00:00,Fri,2,5,8,9,24,28,32,22,,,,,,,,,,,,,,,,,,,,,,,,,,,,,
2025-06-03 00:00:00,Tue,6,29,39,40,42,44,48,22,,,,,,,,,,,,,,,,,,,,,,,,,,,,,
2025-05-30 00:00:00,Fri,7,9,18,24,25,31,48,14,,,,,,,,,,,,,,,,,,,,,,,,,,,,,
2025-05-27 00:00:00,Tue,5,7,11,18,26,41,46,43,,,,,,,,,,,,,,,,,,,,,,,,,,,,,
2025-05-23 00:00:00,Fri,13,19,23,26,36,39,47,7,,,,,,,,,,,,,,,,,,,,,,,,,,,,,
2025-05-20 00:00:00,Tue,3,7,13,14,20,21,45,5,,,,,,,,,,,,,,,,,,,,,,,,,,,,,
2025-05-16 00:00:00,Fri,20,22,25,31,34,37,46,50,,,,,,,,,,,,,,,,,,,,,,,,,,,,,
2025-05-13 00:00:00,Tue,10,11,13,20,24,44,46,9,,,,,,,,,,,,,,,,,,,,,,,,,,,,,
2025-05-09 00:00:00,Fri,6,10,16,17,30,38,48,25,,,,,,,,,,,,,,,,,,,,,,,,,,,,,
2025-05-06 00:00:00,Tue,5,13,15,20,45,48,49,19,,,,,,,,,,,,,,,,,,,,,,,,,,,,,
2025-05-02 00:00:00,Fri,4,9,19,22,23,32,41,34,,,,,,,,,,,,,,,,,,,,,,,,,,,,,
2025-04-29 00:00:00,Tue,3,11,14,29,33,38,45,18,,,,,,,,,,,,,,,,,,,,,,,,,,,,,
2025-04-25 00:00:00,Fri,5,6,14,17,31,40,48,2,,,,,,,,,,,,,,,,,,,,,,,,,,,,,
2025-04-22 00:00:00,Tue,5,19,25,31,34,38,48,15,,,,,,,,,,,,,,,,,,,,,,,,,,,,,
2025-04-18 00:00:00,Fri,1,3,5,6,14,18,34,7,,,,,,,,,,,,,,,,,,,,,,,,,,,,,
2025-04-15 00:00:00,Tue,12,20,21,27,36,40,42,5,,,,,,,,,,,,,,,,,,,,,,,,,,,,,
2025-04-11 00:00:00,Fri,6,23,24,43,44,49,50,34,,,,,,,,,,,,,,,,,,,,,,,,,,,,,
2025-04-08 00:00:00,Tue,10,12,22,24,31,40,41,19,,,,,,,,,,,,,,,,,,,,,,,,,,,,,
2025-04-04 00:00:00,Fri,6,18,22,40,41,43,46,4,,,,,,,,,,,,,,,,,,,,,,,,,,,,,
2025-04-01 00:00:00,Tue,6,18,27,30,31,43,48,14,,,,,,,,,,,,,,,,,,,,,,,,,,,,,
2025-03-28 00:00:00,Fri,7,13,33,40,44,49,50,32,,,,,,,,,,,,,,,,,,,,,,,,,,,,,
2025-03-25 00:00:00,Tue,1,10,16,36,39,45,47,4,,,,,,,,,,,,,,,,,,,,,,,,,,,,,
2025-03-21 00:00:00,Fri,20,26,30,32,36,40,48,50,,,,,,,,,,,,,,,,,,,,,,,,,,,,,
2025-03-18 00:00:00,Tue,4,14,20,36,38,42,45,43,,,,,,,,,,,,,,,,,,,,,,,,,,,,,
2025-03-14 00:00:00,Fri,18,19,22,27,30,38,50,24,,,,,,,,,,,,,,,,,,,,,,,,,,,,,
2025-03-11 00:00:00,Tue,2,10,19,21,29,35,40,46,,,,,,,,,,,,,,,,,,,,,,,,,,,,,
2025-03-07 00:00:00,Fri,4,12,28,36,38,45,50,49,,,,,,,,,,,,,,,,,,,,,,,,,,,,,
2025-03-04 00:00:00,Tue,15,21,26,35,36,43,45,41,,,,,,,,,,,,,,,,,,,,,,,,,,,,,
2025-02-28 00:00:00,Fri,4,6,15,16,35,43,44,29,,,,,,,,,,,,,,,,,,,,,,,,,,,,,
2025-02-25 00:00:00,Tue,7,19,20,30,34,47,50,38,,,,,,,,,,,,,,,,,,,,,,,,,,,,,
2025-02-21 00:00:00,Fri,3,5,8,25,29,32,43,31,,,,,,,,,,,,,,,,,,,,,,,,,,,,,
2025-02-18 00:00:00,Tue,5,13,18,25,34,36,44,1,,,,,,,,,,,,,,,,,,,,,,,,,,,,,
2025-02-14 00:00:00,Fri,1,7,20,27,30,35,48,44,,,,,,,,,,,,,,,,,,,,,,,,,,,,,
2025-02-11 00:00:00,Tue,1,8,17,22,39,45,46,23,,,,,,,,,,,,,,,,,,,,,,,,,,,,,
2025-02-07 00:00:00,Fri,10,11,20,21,27,32,49,35,,,,,,,,,,,,,,,,,,,,,,,,,,,,,
2025-02-04 00:00:00,Tue,10,14,16,27,35,40,50,22,,,,,,,,,,,,,,,,,,,,,,,,,,,,,
2025-01-31 00:00:00,Fri,2,8,9,16,27,37,38,30,,,,,,,,,,,,,,,,,,,,,,,,,,,,,
2025-01-28 00:00:00,Tue,3,13,19,43,46,47,50,27,,,,,,,,,,,,,,,,,,,,,,,,,,,,,
2025-01-24 00:00:00,Fri,22,27,29,35,39,45,46,33,,,,,,,,,,,,,,,,,,,,,,,,,,,,,
2025-01-21 00:00:00,Tue,13,15,21,35,36,42,47,38,,,,,,,,,,,,,,,,,,,,,,,,,,,,,
2025-01-17 00:00:00,Fri,10,17,19,25,28,34,41,33,,,,,,,,,,,,,,,,,,,,,,,,,,,,,
2025-01-14 00:00:00,Tue,9,12,13,25,27,44,48,14,,,,,,,,,,,,,,,,,,,,,,,,,,,,,
2025-01-10 00:00:00,Fri,1,2,11,19,27,28,36,21,,,,,,,,,,,,,,,,,,,,,,,,,,,,,
2025-01-07 00:00:00,Tue,14,20,21,24,26,35,44,34,,,,,,,,,,,,,,,,,,,,,,,,,,,,,
2025-01-03 00:00:00,Fri,3,10,19,27,33,37,38,7,,,,,,,,,,,,,,,,,,,,,,,,,,,,,
2024-12-31 00:00:00,Tue,7,9,11,16,17,20,33,48,,,,,,,,,,,,,,,,,,,,,,,,,,,,,
2024-12-27 00:00:00,Fri,2,6,13,31,35,37,39,49,,,,,,,,,,,,,,,,,,,,,,,,,,,,,
2024-12-24 00:00:00,Tue,2,10,15,16,31,34,43,46,,,,,,,,,,,,,,,,,,,,,,,,,,,,,
2024-12-20 00:00:00,Fri,5,6,7,24,27,29,32,47,,,,,,,,,,,,,,,,,,,,,,,,,,,,,
2024-12-17 00:00:00,Tue,13,16,27,39,43,45,50,36,,,,,,,,,,,,,,,,,,,,,,,,,,,,,
2024-12-13 00:00:00,Fri,2,17,20,22,32,33,47,24,,,,,,,,,,,,,,,,,,,,,,,,,,,,,
2024-12-10 00:00:00,Tue,3,6,22,30,32,40,46,19,,,,,,,,,,,,,,,,,,,,,,,,,,,,,
2024-12-06 00:00:00,Fri,8,21,29,31,37,38,41,12,,,,,,,,,,,,,,,,,,,,,,,,,,,,,
2024-12-03 00:00:00,Tue,9,14,21,26,29,32,41,47,,,,,,,,,,,,,,,,,,,,,,,,,,,,,
2024-11-29 00:00:00,Fri,6,17,26,29,30,39,49,2,,,,,,,,,,,,,,,,,,,,,,,,,,,,,
2024-11-26 00:00:00,Tue,20,24,31,33,36,41,49,50,,,,,,,,,,,,,,,,,,,,,,,,,,,,,
2024-11-22 00:00:00,Fri,4,6,9,21,40,42,43,24,,,,,,,,,,,,,,,,,,,,,,,,,,,,,
2024-11-19 00:00:00,Tue,2,10,16,18,22,44,50,42,,,,,,,,,,,,,,,,,,,,,,,,,,,,,
2024-11-15 00:00:00,Fri,2,7,10,14,27,32,35,44,,,,,,,,,,,,,,,,,,,,,,,,,,,,,
2024-11-12 00:00:00,Tue,1,12,13,24,28,36,39,35,,,,,,,,,,,,,,,,,,,,,,,,,,,,,
2024-11-08 00:00:00,Fri,2,16,25,38,40,41,44,26,,,,,,,,,,,,,,,,,,,,,,,,,,,,,
2024-11-05 00:00:00,Tue,1,2,9,22,26,32,47,35,,,,,,,,,,,,,,,,,,,,,,,,,,,,,
2024-11-01 00:00:00,Fri,7,16,22,28,30,34,41,44,,,,,,,,,,,,,,,,,,,,,,,,,,,,,
2024-10-29 00:00:00,Tue,20,26,28,29,35,39,47,46,,,,,,,,,,,,,,,,,,,,,,,,,,,,,
2024-10-25 00:00:00,Fri,3,15,23,24,31,33,47,22,,,,,,,,,,,,,,,,,,,,,,,,,,,,,
2024-10-22 00:00:00,Tue,7,8,23,30,32,33,49,22,,,,,,,,,,,,,,,,,,,,,,,,,,,,,
2024-10-18 00:00:00,Fri,6,12,13,21,24,30,47,34,,,,,,,,,,,,,,,,,,,,,,,,,,,,,
2024-10-15 00:00:00,Tue,8,12,19,20,26,32,46,27,,,,,,,,,,,,,,,,,,,,,,,,,,,,,
2024-10-11 00:00:00,Fri,7,20,24,33,44,48,49,43,,,,,,,,,,,,,,,,,,,,,,,,,,,,,
2024-10-08 00:00:00,Tue,10,11,13,20,22,27,48,21,,,,,,,,,,,,,,,,,,,,,,,,,,,,,
2024-10-04 00:00:00,Fri,2,9,20,27,40,45,49,50,,,,,,,,,,,,,,,,,,,,,,,,,,,,,
2024-10-01 00:00:00,Tue,11,12,28,32,36,38,41,44,,,,,,,,,,,,,,,,,,,,,,,,,,,,,
2024-09-27 00:00:00,Fri,4,6,8,16,21,36,50,9,,,,,,,,,,,,,,,,,,,,,,,,,,,,,
2024-09-24 00:00:00,Tue,1,11,21,38,40,43,45,20,,,,,,,,,,,,,,,,,,,,,,,,,,,,,
2024-09-20 00:00:00,Fri,4,8,26,32,35,36,37,33,,,,,,,,,,,,,,,,,,,,,,,,,,,,,
2024-09-17 00:00:00,Tue,2,4,11,16,25,29,47,34,,,,,,,,,,,,,,,,,,,,,,,,,,,,,
2024-09-13 00:00:00,Fri,9,12,13,15,29,30,41,47,,,,,,,,,,,,,,,,,,,,,,,,,,,,,
2024-09-10 00:00:00,Tue,5,16,22,24,31,33,38,30,,,,,,,,,,,,,,,,,,,,,,,,,,,,,
2024-09-06 00:00:00,Fri,5,16,18,20,23,28,39,8,,,,,,,,,,,,,,,,,,,,,,,,,,,,,
2024-09-03 00:00:00,Tue,4,6,10,22,32,39,50,19,,,,,,,,,,,,,,,,,,,,,,,,,,,,,
2024-08-30 00:00:00,Fri,6,7,10,14,28,29,46,44,,,,,,,,,,,,,,,,,,,,,,,,,,,,,
2024-08-27 00:00:00,Tue,4,17,25,38,41,46,50,14,,,,,,,,,,,,,,,,,,,,,,,,,,,,,
2024-08-23 00:00:00,Fri,4,5,9,15,33,37,42,30,,,,,,,,,,,,,,,,,,,,,,,,,,,,,
2024-08-20 00:00:00,Tue,2,11,12,21,24,38,39,33,,,,,,,,,,,,,,,,,,,,,,,,,,,,,
2024-08-16 00:00:00,Fri,5,7,12,18,33,40,50,15,,,,,,,,,,,,,,,,,,,,,,,,,,,,,
2024-08-13 00:00:00,Tue,13,28,30,34,40,45,49,9,,,,,,,,,,,,,,,,,,,,,,,,,,,,,
2024-08-09 00:00:00,Fri,11,16,22,25,31,41,44,30,,,,,,,,,,,,,,,,,,,,,,,,,,,,,
2024-08-06 00:00:00,Tue,7,12,13,30,38,46,48,28,,,,,,,,,,,,,,,,,,,,,,,,,,,,,
2024-08-02 00:00:00,Fri,3,18,26,28,37,39,40,16,,,,,,,,,,,,,,,,,,,,,,,,,,,,,
2024-07-30 00:00:00,Tue,1,4,11,35,42,45,49,36,,,,,,,,,,,,,,,,,,,,,,,,,,,,,
2024-07-26 00:00:00,Fri,3,8,15,29,34,38,39,17,,,,,,,,,,,,,,,,,,,,,,,,,,,,,
2024-07-23 00:00:00,Tue,4,12,14,16,27,35,41,32,,,,,,,,,,,,,,,,,,,,,,,,,,,,,
2024-07-19 00:00:00,Fri,1,3,17,18,20,23,29,35,,,,,,,,,,,,,,,,,,,,,,,,,,,,,
2024-07-16 00:00:00,Tue,10,11,18,26,36,40,49,28,,,,,,,,,,,,,,,,,,,,,,,,,,,,,
2024-07-12 00:00:00,Fri,6,7,8,11,35,41,44,10,,,,,,,,,,,,,,,,,,,,,,,,,,,,,
2024-07-09 00:00:00,Tue,19,22,29,33,41,45,50,44,,,,,,,,,,,,,,,,,,,,,,,,,,,,,
2024-07-05 00:00:00,Fri,2,6,14,19,25,27,44,32,,,,,,,,,,,,,,,,,,,,,,,,,,,,,
2024-07-02 00:00:00,Tue,1,10,11,16,19,23,39,50,,,,,,,,,,,,,,,,,,,,,,,,,,,,,
2024-06-28 00:00:00,Fri,1,5,11,12,13,23,33,21,,,,,,,,,,,,,,,,,,,,,,,,,,,,,
2024-06-25 00:00:00,Tue,3,11,28,40,43,44,45,4,,,,,,,,,,,,,,,,,,,,,,,,,,,,,
2024-06-21 00:00:00,Fri,8,12,32,33,34,46,47,13,,,,,,,,,,,,,,,,,,,,,,,,,,,,,
2024-06-18 00:00:00,Tue,17,19,32,34,37,44,45,22,,,,,,,,,,,,,,,,,,,,,,,,,,,,,
2024-06-14 00:00:00,Fri,5,11,29,31,38,39,49,41,,,,,,,,,,,,,,,,,,,,,,,,,,,,,
2024-06-11 00:00:00,Tue,3,30,39,44,45,47,49,46,,,,,,,,,,,,,,,,,,,,,,,,,,,,,
2024-06-07 00:00:00,Fri,2,3,12,15,32,33,36,9,,,,,,,,,,,,,,,,,,,,,,,,,,,,,
2024-06-04 00:00:00,Tue,5,6,12,15,18,34,37,7,,,,,,,,,,,,,,,,,,,,,,,,,,,,,
2024-05-31 00:00:00,Fri,1,4,18,19,23,28,29,43,,,,,,,,,,,,,,,,,,,,,,,,,,,,,
2024-05-28 00:00:00,Tue,2,6,9,21,22,32,43,3,,,,,,,,,,,,,,,,,,,,,,,,,,,,,
2024-05-24 00:00:00,Fri,1,6,9,11,31,39,50,35,,,,,,,,,,,,,,,,,,,,,,,,,,,,,
2024-05-21 00:00:00,Tue,1,4,6,7,34,40,46,2,,,,,,,,,,,,,,,,,,,,,,,,,,,,,
2024-05-17 00:00:00,Fri,5,13,27,28,32,45,50,44,,,,,,,,,,,,,,,,,,,,,,,,,,,,,
2024-05-14 00:00:00,Tue,10,15,18,27,28,32,43,8,,,,,,,,,,,,,,,,,,,,,,,,,,,,,
2024-05-10 00:00:00,Fri,2,4,14,28,29,30,43,34,,,,,,,,,,,,,,,,,,,,,,,,,,,,,
2024-05-07 00:00:00,Tue,3,22,32,43,46,47,48,49,,,,,,,,,,,,,,,,,,,,,,,,,,,,,
2024-05-03 00:00:00,Fri,3,5,16,20,31,34,38,17,,,,,,,,,,,,,,,,,,,,,,,,,,,,,
2024-04-30 00:00:00,Tue,5,8,18,21,23,31,48,40,,,,,,,,,,,,,,,,,,,,,,,,,,,,,
2024-04-26 00:00:00,Fri,2,3,23,36,38,40,48,42,,,,,,,,,,,,,,,,,,,,,,,,,,,,,
2024-04-23 00:00:00,Tue,7,14,17,26,29,38,39,18,,,,,,,,,,,,,,,,,,,,,,,,,,,,,
2024-04-19 00:00:00,Fri,6,7,14,15,28,39,42,37,,,,,,,,,,,,,,,,,,,,,,,,,,,,,
2024-04-16 00:00:00,Tue,15,19,22,28,34,36,46,25,,,,,,,,,,,,,,,,,,,,,,,,,,,,,
2024-04-12 00:00:00,Fri,17,25,30,35,36,44,50,10,,,,,,,,,,,,,,,,,,,,,,,,,,,,,
2024-04-09 00:00:00,Tue,4,5,22,30,44,46,50,34,,,,,,,,,,,,,,,,,,,,,,,,,,,,,
2024-04-05 00:00:00,Fri,4,8,18,24,26,35,46,5,,,,,,,,,,,,,,,,,,,,,,,,,,,,,
2024-04-02 00:00:00,Tue,11,23,36,38,42,43,49,27,,,,,,,,,,,,,,,,,,,,,,,,,,,,,
2024-03-29 00:00:00,Fri,1,14,17,19,23,42,48,39,,,,,,,,,,,,,,,,,,,,,,,,,,,,,
2024-03-26 00:00:00,Tue,21,24,25,26,31,42,43,30,,,,,,,,,,,,,,,,,,,,,,,,,,,,,
2024-03-22 00:00:00,Fri,2,7,19,28,36,37,44,10,,,,,,,,,,,,,,,,,,,,,,,,,,,,,
2024-03-19 00:00:00,Tue,3,16,19,21,24,40,46,39,,,,,,,,,,,,,,,,,,,,,,,,,,,,,
2024-03-15 00:00:00,Fri,22,24,31,33,39,45,46,2,,,,,,,,,,,,,,,,,,,,,,,,,,,,,
2024-03-12 00:00:00,Tue,3,15,20,21,23,24,34,38,,,,,,,,,,,,,,,,,,,,,,,,,,,,,
2024-03-08 00:00:00,Fri,1,3,6,19,21,33,47,10,,,,,,,,,,,,,,,,,,,,,,,,,,,,,
2024-03-05 00:00:00,Tue,2,4,7,25,33,43,49,38,,,,,,,,,,,,,,,,,,,,,,,,,,,,,
2024-03-01 00:00:00,Fri,15,17,23,32,38,46,47,44,,,,,,,,,,,,,,,,,,,,,,,,,,,,,
2024-02-27 00:00:00,Tue,14,18,22,25,34,40,46,30,,,,,,,,,,,,,,,,,,,,,,,,,,,,,
2024-02-23 00:00:00,Fri,8,16,24,28,40,41,47,10,,,,,,,,,,,,,,,,,,,,,,,,,,,,,
2024-02-20 00:00:00,Tue,1,4,23,24,31,40,48,38,,,,,,,,,,,,,,,,,,,,,,,,,,,,,
2024-02-16 00:00:00,Fri,4,19,29,34,41,44,46,31,,,,,,,,,,,,,,,,,,,,,,,,,,,,,
2024-02-13 00:00:00,Tue,13,16,18,29,35,36,49,34,,,,,,,,,,,,,,,,,,,,,,,,,,,,,
2024-02-09 00:00:00,Fri,5,8,16,32,36,41,42,12,,,,,,,,,,,,,,,,,,,,,,,,,,,,,
2024-02-06 00:00:00,Tue,10,16,21,29,42,44,50,26,,,,,,,,,,,,,,,,,,,,,,,,,,,,,
2024-02-02 00:00:00,Fri,7,9,14,18,22,32,42,2,,,,,,,,,,,,,,,,,,,,,,,,,,,,,
2024-01-30 00:00:00,Tue,1,6,12,18,26,27,40,42,,,,,,,,,,,,,,,,,,,,,,,,,,,,,
2024-01-26 00:00:00,Fri,7,11,21,22,24,26,35,32,,,,,,,,,,,,,,,,,,,,,,,,,,,,,
2024-01-23 00:00:00,Tue,4,9,25,31,41,48,49,7,,,,,,,,,,,,,,,,,,,,,,,,,,,,,
2024-01-19 00:00:00,Fri,11,20,27,28,32,36,50,2,,,,,,,,,,,,,,,,,,,,,,,,,,,,,
2024-01-16 00:00:00,Tue,2,9,10,14,42,43,44,25,,,,,,,,,,,,,,,,,,,,,,,,,,,,,
2024-01-12 00:00:00,Fri,5,6,7,18,22,34,36,26,,,,,,,,,,,,,,,,,,,,,,,,,,,,,
2024-01-09 00:00:00,Tue,1,2,12,20,24,26,28,13,,,,,,,,,,,,,,,,,,,,,,,,,,,,,
2024-01-05 00:00:00,Fri,3,6,11,24,29,45,50,16,,,,,,,,,,,,,,,,,,,,,,,,,,,,,
2024-01-02 00:00:00,Tue,9,10,16,29,36,37,50,20,,,,,,,,,,,,,,,,,,,,,,,,,,,,,
2023-12-29 00:00:00,Fri,3,6,9,25,30,36,42,34,,,,,,,,,,,,,,,,,,,,,,,,,,,,,
2023-12-26 00:00:00,Tue,1,11,13,17,42,45,49,23,,,,,,,,,,,,,,,,,,,,,,,,,,,,,
2023-12-22 00:00:00,Fri,8,16,19,25,30,33,47,10,,,,,,,,,,,,,,,,,,,,,,,,,,,,,
2023-12-19 00:00:00,Tue,2,3,4,13,21,35,38,50,,,,,,,,,,,,,,,,,,,,,,,,,,,,,
2023-12-15 00:00:00,Fri,1,2,13,15,20,21,45,8,,,,,,,,,,,,,,,,,,,,,,,,,,,,,
2023-12-12 00:00:00,Tue,2,6,22,23,28,30,42,43,,,,,,,,,,,,,,,,,,,,,,,,,,,,,
2023-12-08 00:00:00,Fri,8,9,11,23,25,32,34,20,,,,,,,,,,,,,,,,,,,,,,,,,,,,,
2023-12-05 00:00:00,Tue,3,4,8,10,38,43,47,18,,,,,,,,,,,,,,,,,,,,,,,,,,,,,
2023-12-01 00:00:00,Fri,4,12,15,22,36,44,46,33,,,,,,,,,,,,,,,,,,,,,,,,,,,,,
2023-11-28 00:00:00,Tue,1,18,25,26,30,34,39,20,,,,,,,,,,,,,,,,,,,,,,,,,,,,,
2023-11-24 00:00:00,Fri,2,24,25,28,36,37,46,26,,,,,,,,,,,,,,,,,,,,,,,,,,,,,
2023-11-21 00:00:00,Tue,7,13,30,34,37,38,42,35,,,,,,,,,,,,,,,,,,,,,,,,,,,,,
2023-11-17 00:00:00,Fri,2,23,28,30,31,33,37,50,,,,,,,,,,,,,,,,,,,,,,,,,,,,,
2023-11-14 00:00:00,Tue,9,14,15,19,45,47,50,33,,,,,,,,,,,,,,,,,,,,,,,,,,,,,
2023-11-10 00:00:00,Fri,7,12,15,16,35,45,48,10,,,,,,,,,,,,,,,,,,,,,,,,,,,,,
2023-11-07 00:00:00,Tue,4,6,16,19,29,31,44,22,,,,,,,,,,,,,,,,,,,,,,,,,,,,,
2023-11-03 00:00:00,Fri,5,7,9,10,19,24,40,18,,,,,,,,,,,,,,,,,,,,,,,,,,,,,
2023-10-31 00:00:00,Tue,22,23,25,26,35,40,44,33,,,,,,,,,,,,,,,,,,,,,,,,,,,,,
2023-10-27 00:00:00,Fri,6,17,25,28,30,34,36,15,,,,,,,,,,,,,,,,,,,,,,,,,,,,,
2023-10-24 00:00:00,Tue,4,15,16,17,23,27,47,1,,,,,,,,,,,,,,,,,,,,,,,,,,,,,
2023-10-20 00:00:00,Fri,3,18,19,21,25,46,50,22,,,,,,,,,,,,,,,,,,,,,,,,,,,,,
2023-10-17 00:00:00,Tue,2,7,15,16,18,19,25,35,,,,,,,,,,,,,,,,,,,,,,,,,,,,,
2023-10-13 00:00:00,Fri,8,17,20,23,28,31,33,45,,,,,,,,,,,,,,,,,,,,,,,,,,,,,
2023-10-10 00:00:00,Tue,5,6,12,28,33,41,47,1,,,,,,,,,,,,,,,,,,,,,,,,,,,,,
2023-10-06 00:00:00,Fri,4,17,20,23,25,27,41,7,,,,,,,,,,,,,,,,,,,,,,,,,,,,,
2023-10-03 00:00:00,Tue,1,7,10,15,30,34,47,29,,,,,,,,,,,,,,,,,,,,,,,,,,,,,
2023-09-29 00:00:00,Fri,2,12,19,26,34,44,46,41,,,,,,,,,,,,,,,,,,,,,,,,,,,,,
2023-09-26 00:00:00,Tue,3,7,13,20,22,25,47,23,,,,,,,,,,,,,,,,,,,,,,,,,,,,,
2023-09-22 00:00:00,Fri,12,13,19,26,33,39,43,2,,,,,,,,,,,,,,,,,,,,,,,,,,,,,
2023-09-19 00:00:00,Tue,4,7,13,20,24,30,48,5,,,,,,,,,,,,,,,,,,,,,,,,,,,,,
2023-09-15 00:00:00,Fri,1,2,11,27,31,35,44,18,,,,,,,,,,,,,,,,,,,,,,,,,,,,,
2023-09-12 00:00:00,Tue,6,7,9,12,13,32,37,15,,,,,,,,,,,,,,,,,,,,,,,,,,,,,
2023-09-08 00:00:00,Fri,15,22,25,29,30,31,34,18,,,,,,,,,,,,,,,,,,,,,,,,,,,,,
2023-09-05 00:00:00,Tue,8,20,23,26,38,45,47,33,,,,,,,,,,,,,,,,,,,,,,,,,,,,,
2023-09-01 00:00:00,Fri,1,7,15,30,36,37,46,14,,,,,,,,,,,,,,,,,,,,,,,,,,,,,
2023-08-29 00:00:00,Tue,13,17,19,22,26,28,40,20,,,,,,,,,,,,,,,,,,,,,,,,,,,,,
2023-08-25 00:00:00,Fri,7,12,17,18,37,38,45,40,,,,,,,,,,,,,,,,,,,,,,,,,,,,,
2023-08-22 00:00:00,Tue,2,7,12,19,38,42,50,39,,,,,,,,,,,,,,,,,,,,,,,,,,,,,
2023-08-18 00:00:00,Fri,1,7,29,36,40,42,50,35,,,,,,,,,,,,,,,,,,,,,,,,,,,,,
2023-08-15 00:00:00,Tue,13,15,20,29,31,48,49,18,,,,,,,,,,,,,,,,,,,,,,,,,,,,,
2023-08-11 00:00:00,Fri,7,8,23,28,29,31,37,43,,,,,,,,,,,,,,,,,,,,,,,,,,,,,
2023-08-08 00:00:00,Tue,7,19,22,34,44,46,49,26,,,,,,,,,,,,,,,,,,,,,,,,,,,,,
2023-08-04 00:00:00,Fri,2,11,16,21,32,44,47,13,,,,,,,,,,,,,,,,,,,,,,,,,,,,,
2023-08-01 00:00:00,Tue,2,13,26,28,30,43,46,24,,,,,,,,,,,,,,,,,,,,,,,,,,,,,
2023-07-28 00:00:00,Fri,4,17,26,28,29,41,48,16,,,,,,,,,,,,,,,,,,,,,,,,,,,,,
2023-07-25 00:00:00,Tue,15,16,17,18,43,44,48,50,,,,,,,,,,,,,,,,,,,,,,,,,,,,,
2023-07-21 00:00:00,Fri,4,8,14,25,28,40,41,6,,,,,,,,,,,,,,,,,,,,,,,,,,,,,
2023-07-18 00:00:00,Tue,2,4,5,15,29,40,49,42,,,,,,,,,,,,,,,,,,,,,,,,,,,,,
2023-07-14 00:00:00,Fri,3,11,23,27,39,44,48,17,,,,,,,,,,,,,,,,,,,,,,,,,,,,,
2023-07-11 00:00:00,Tue,5,16,23,24,31,40,48,3,,,,,,,,,,,,,,,,,,,,,,,,,,,,,
2023-07-07 00:00:00,Fri,12,13,28,32,34,35,40,27,,,,,,,,,,,,,,,,,,,,,,,,,,,,,
2023-07-04 00:00:00,Tue,2,9,20,21,23,32,43,1,,,,,,,,,,,,,,,,,,,,,,,,,,,,,
2023-06-30 00:00:00,Fri,1,13,19,26,35,42,49,37,,,,,,,,,,,,,,,,,,,,,,,,,,,,,
2023-06-27 00:00:00,Tue,1,9,25,31,34,35,38,36,,,,,,,,,,,,,,,,,,,,,,,,,,,,,
2023-06-23 00:00:00,Fri,8,19,21,29,33,40,46,25,,,,,,,,,,,,,,,,,,,,,,,,,,,,,
2023-06-20 00:00:00,Tue,5,10,24,30,32,43,48,40,,,,,,,,,,,,,,,,,,,,,,,,,,,,,
2023-06-16 00:00:00,Fri,11,20,30,34,41,47,49,16,,,,,,,,,,,,,,,,,,,,,,,,,,,,,
2023-06-13 00:00:00,Tue,1,2,8,12,24,44,45,26,,,,,,,,,,,,,,,,,,,,,,,,,,,,,
2023-06-09 00:00:00,Fri,7,10,12,31,37,42,44,34,,,,,,,,,,,,,,,,,,,,,,,,,,,,,
2023-06-06 00:00:00,Tue,4,7,13,16,31,32,39,26,,,,,,,,,,,,,,,,,,,,,,,,,,,,,
2023-06-02 00:00:00,Fri,1,12,16,21,29,43,49,8,,,,,,,,,,,,,,,,,,,,,,,,,,,,,
2023-05-30 00:00:00,Tue,13,14,18,19,25,29,38,36,,,,,,,,,,,,,,,,,,,,,,,,,,,,,
2023-05-26 00:00:00,Fri,2,7,9,12,21,30,37,23,,,,,,,,,,,,,,,,,,,,,,,,,,,,,
2023-05-23 00:00:00,Tue,1,7,10,18,23,24,34,3,,,,,,,,,,,,,,,,,,,,,,,,,,,,,
2023-05-19 00:00:00,Fri,12,13,35,41,42,44,47,32,,,,,,,,,,,,,,,,,,,,,,,,,,,,,
2023-05-16 00:00:00,Tue,11,13,19,25,28,46,49,24,,,,,,,,,,,,,,,,,,,,,,,,,,,,,
2023-05-12 00:00:00,Fri,4,5,20,26,28,29,48,44,,,,,,,,,,,,,,,,,,,,,,,,,,,,,
2023-05-09 00:00:00,Tue,18,19,31,33,35,40,50,16,,,,,,,,,,,,,,,,,,,,,,,,,,,,,
2023-05-05 00:00:00,Fri,8,16,22,24,25,30,32,11,,,,,,,,,,,,,,,,,,,,,,,,,,,,,
2023-05-02 00:00:00,Tue,2,12,22,30,32,35,36,1,,,,,,,,,,,,,,,,,,,,,,,,,,,,,
2023-04-28 00:00:00,Fri,1,2,12,15,35,39,45,44,,,,,,,,,,,,,,,,,,,,,,,,,,,,,
2023-04-25 00:00:00,Tue,4,19,21,33,37,38,39,42,,,,,,,,,,,,,,,,,,,,,,,,,,,,,
2023-04-21 00:00:00,Fri,7,8,18,26,33,42,46,39,,,,,,,,,,,,,,,,,,,,,,,,,,,,,
2023-04-18 00:00:00,Tue,5,7,16,20,26,30,36,44,,,,,,,,,,,,,,,,,,,,,,,,,,,,,
2023-04-14 00:00:00,Fri,17,25,28,30,34,46,49,42,,,,,,,,,,,,,,,,,,,,,,,,,,,,,
2023-04-11 00:00:00,Tue,4,5,11,12,31,43,44,15,,,,,,,,,,,,,,,,,,,,,,,,,,,,,
2023-04-07 00:00:00,Fri,15,26,34,41,44,45,46,11,,,,,,,,,,,,,,,,,,,,,,,,,,,,,
2023-04-04 00:00:00,Tue,6,15,29,32,36,45,48,39,,,,,,,,,,,,,,,,,,,,,,,,,,,,,
2023-03-31 00:00:00,Fri,1,3,26,28,36,47,50,48,,,,,,,,,,,,,,,,,,,,,,,,,,,,,
2023-03-28 00:00:00,Tue,5,9,12,19,21,22,49,31,,,,,,,,,,,,,,,,,,,,,,,,,,,,,
2023-03-24 00:00:00,Fri,5,9,14,23,32,33,46,26,,,,,,,,,,,,,,,,,,,,,,,,,,,,,
2023-03-21 00:00:00,Tue,7,15,17,20,32,40,50,21,,,,,,,,,,,,,,,,,,,,,,,,,,,,,
2023-03-17 00:00:00,Fri,5,15,17,22,25,37,46,13,,,,,,,,,,,,,,,,,,,,,,,,,,,,,
2023-03-14 00:00:00,Tue,4,15,17,24,27,32,41,36,,,,,,,,,,,,,,,,,,,,,,,,,,,,,
2023-03-10 00:00:00,Fri,18,19,31,36,38,41,43,8,,,,,,,,,,,,,,,,,,,,,,,,,,,,,
2023-03-07 00:00:00,Tue,1,16,26,28,31,44,45,22,,,,,,,,,,,,,,,,,,,,,,,,,,,,,
2023-03-03 00:00:00,Fri,10,14,20,37,42,44,46,50,,,,,,,,,,,,,,,,,,,,,,,,,,,,,
2023-02-28 00:00:00,Tue,1,3,8,24,35,42,43,18,,,,,,,,,,,,,,,,,,,,,,,,,,,,,
2023-02-24 00:00:00,Fri,1,11,15,21,35,48,49,3,,,,,,,,,,,,,,,,,,,,,,,,,,,,,
2023-02-21 00:00:00,Tue,2,14,26,31,35,39,49,32,,,,,,,,,,,,,,,,,,,,,,,,,,,,,
2023-02-17 00:00:00,Fri,10,12,23,26,39,41,45,42,,,,,,,,,,,,,,,,,,,,,,,,,,,,,
2023-02-14 00:00:00,Tue,9,15,21,28,31,36,38,12,,,,,,,,,,,,,,,,,,,,,,,,,,,,,
2023-02-10 00:00:00,Fri,6,16,22,23,28,29,34,8,,,,,,,,,,,,,,,,,,,,,,,,,,,,,
2023-02-07 00:00:00,Tue,1,13,26,30,37,42,50,10,,,,,,,,,,,,,,,,,,,,,,,,,,,,,
2023-02-03 00:00:00,Fri,7,10,15,17,25,39,45,43,,,,,,,,,,,,,,,,,,,,,,,,,,,,,
2023-01-31 00:00:00,Tue,2,6,16,23,40,41,48,31,,,,,,,,,,,,,,,,,,,,,,,,,,,,,
2023-01-27 00:00:00,Fri,4,5,9,13,29,30,35,20,,,,,,,,,,,,,,,,,,,,,,,,,,,,,
2023-01-24 00:00:00,Tue,10,20,25,29,35,42,45,3,,,,,,,,,,,,,,,,,,,,,,,,,,,,,
2023-01-20 00:00:00,Fri,9,16,17,19,30,38,49,45,,,,,,,,,,,,,,,,,,,,,,,,,,,,,
2023-01-17 00:00:00,Tue,1,2,5,6,16,30,45,19,,,,,,,,,,,,,,,,,,,,,,,,,,,,,
2023-01-13 00:00:00,Fri,3,16,17,23,35,37,47,26,,,,,,,,,,,,,,,,,,,,,,,,,,,,,
2023-01-10 00:00:00,Tue,10,16,18,33,34,37,45,36,,,,,,,,,,,,,,,,,,,,,,,,,,,,,
2023-01-06 00:00:00,Fri,7,14,20,24,35,40,50,15,,,,,,,,,,,,,,,,,,,,,,,,,,,,,
2023-01-03 00:00:00,Tue,9,25,32,34,37,46,50,18,,,,,,,,,,,,,,,,,,,,,,,,,,,,,
2022-12-30 00:00:00,Fri,6,26,32,37,38,39,46,7,,,,,,,,,,,,,,,,,,,,,,,,,,,,,
2022-12-27 00:00:00,Tue,5,6,13,16,31,32,35,36,,,,,,,,,,,,,,,,,,,,,,,,,,,,,
2022-12-23 00:00:00,Fri,7,17,20,22,31,36,48,34,,,,,,,,,,,,,,,,,,,,,,,,,,,,,
2022-12-20 00:00:00,Tue,3,8,9,20,22,36,50,25,,,,,,,,,,,,,,,,,,,,,,,,,,,,,
2022-12-16 00:00:00,Fri,6,22,25,42,43,45,48,47,,,,,,,,,,,,,,,,,,,,,,,,,,,,,
2022-12-13 00:00:00,Tue,12,13,14,31,35,39,50,48,,,,,,,,,,,,,,,,,,,,,,,,,,,,,
2022-12-09 00:00:00,Fri,2,18,20,22,34,43,48,7,,,,,,,,,,,,,,,,,,,,,,,,,,,,,
2022-12-06 00:00:00,Tue,1,2,3,14,17,19,41,30,,,,,,,,,,,,,,,,,,,,,,,,,,,,,
2022-12-02 00:00:00,Fri,4,9,14,18,24,30,45,3,,,,,,,,,,,,,,,,,,,,,,,,,,,,,
2022-11-29 00:00:00,Tue,1,7,8,19,32,38,39,47,,,,,,,,,,,,,,,,,,,,,,,,,,,,,
2022-11-25 00:00:00,Fri,3,6,7,10,25,30,37,9,,,,,,,,,,,,,,,,,,,,,,,,,,,,,
2022-11-22 00:00:00,Tue,2,10,12,18,19,21,34,33,,,,,,,,,,,,,,,,,,,,,,,,,,,,,
2022-11-18 00:00:00,Fri,3,5,11,17,26,42,49,27,,,,,,,,,,,,,,,,,,,,,,,,,,,,,
2022-11-15 00:00:00,Tue,9,12,13,22,25,35,47,24,,,,,,,,,,,,,,,,,,,,,,,,,,,,,
2022-11-11 00:00:00,Fri,5,23,34,35,46,47,50,10,,,,,,,,,,,,,,,,,,,,,,,,,,,,,
2022-11-08 00:00:00,Tue,4,7,14,18,26,40,42,12,,,,,,,,,,,,,,,,,,,,,,,,,,,,,
2022-11-04 00:00:00,Fri,4,8,25,27,32,33,34,16,,,,,,,,,,,,,,,,,,,,,,,,,,,,,
2022-11-01 00:00:00,Tue,2,23,27,34,43,46,49,44,,,,,,,,,,,,,,,,,,,,,,,,,,,,,
2022-10-28 00:00:00,Fri,12,17,29,30,38,40,50,16,,,,,,,,,,,,,,,,,,,,,,,,,,,,,
2022-10-25 00:00:00,Tue,3,6,19,23,26,28,43,46,,,,,,,,,,,,,,,,,,,,,,,,,,,,,
2022-10-21 00:00:00,Fri,1,9,25,35,41,43,50,40,,,,,,,,,,,,,,,,,,,,,,,,,,,,,
2022-10-18 00:00:00,Tue,12,14,23,25,39,40,44,24,,,,,,,,,,,,,,,,,,,,,,,,,,,,,
2022-10-14 00:00:00,Fri,2,24,27,31,40,43,46,13,,,,,,,,,,,,,,,,,,,,,,,,,,,,,
2022-10-11 00:00:00,Tue,3,19,33,36,39,40,42,44,,,,,,,,,,,,,,,,,,,,,,,,,,,,,
2022-10-07 00:00:00,Fri,7,23,28,31,32,39,40,2,,,,,,,,,,,,,,,,,,,,,,,,,,,,,
2022-10-04 00:00:00,Tue,10,18,21,22,37,40,46,25,,,,,,,,,,,,,,,,,,,,,,,,,,,,,
2022-09-30 00:00:00,Fri,9,14,36,37,38,40,48,26,,,,,,,,,,,,,,,,,,,,,,,,,,,,,
2022-09-27 00:00:00,Tue,10,12,13,26,29,39,46,23,,,,,,,,,,,,,,,,,,,,,,,,,,,,,
2022-09-23 00:00:00,Fri,15,17,21,24,28,32,43,27,,,,,,,,,,,,,,,,,,,,,,,,,,,,,
2022-09-20 00:00:00,Tue,9,10,11,20,24,31,48,36,,,,,,,,,,,,,,,,,,,,,,,,,,,,,
2022-09-16 00:00:00,Fri,2,13,24,34,39,40,46,23,,,,,,,,,,,,,,,,,,,,,,,,,,,,,
2022-09-13 00:00:00,Tue,9,10,14,32,35,36,46,47,,,,,,,,,,,,,,,,,,,,,,,,,,,,,
2022-09-09 00:00:00,Fri,1,2,15,18,29,32,36,9,,,,,,,,,,,,,,,,,,,,,,,,,,,,,
2022-09-06 00:00:00,Tue,16,22,28,30,41,46,47,10,,,,,,,,,,,,,,,,,,,,,,,,,,,,,
2022-09-02 00:00:00,Fri,8,17,21,31,34,37,39,7,,,,,,,,,,,,,,,,,,,,,,,,,,,,,
2022-08-30 00:00:00,Tue,5,8,12,23,39,41,48,50,,,,,,,,,,,,,,,,,,,,,,,,,,,,,
2022-08-26 00:00:00,Fri,3,11,22,26,29,46,48,28,,,,,,,,,,,,,,,,,,,,,,,,,,,,,
2022-08-23 00:00:00,Tue,9,13,14,19,37,43,50,4,,,,,,,,,,,,,,,,,,,,,,,,,,,,,
2022-08-19 00:00:00,Fri,5,20,26,33,35,46,48,17,,,,,,,,,,,,,,,,,,,,,,,,,,,,,
2022-08-16 00:00:00,Tue,1,2,9,21,32,33,43,36,,,,,,,,,,,,,,,,,,,,,,,,,,,,,
2022-08-12 00:00:00,Fri,4,10,28,36,40,44,47,19,,,,,,,,,,,,,,,,,,,,,,,,,,,,,
2022-08-09 00:00:00,Tue,16,19,25,26,27,33,45,38,,,,,,,,,,,,,,,,,,,,,,,,,,,,,
2022-08-05 00:00:00,Fri,7,16,19,33,36,48,49,5,,,,,,,,,,,,,,,,,,,,,,,,,,,,,
2022-08-02 00:00:00,Tue,4,5,15,18,22,28,32,19,,,,,,,,,,,,,,,,,,,,,,,,,,,,,
2022-07-29 00:00:00,Fri,7,14,17,18,19,23,41,16,,,,,,,,,,,,,,,,,,,,,,,,,,,,,
2022-07-26 00:00:00,Tue,3,8,9,15,21,27,31,33,,,,,,,,,,,,,,,,,,,,,,,,,,,,,
2022-07-22 00:00:00,Fri,1,9,19,34,37,39,49,6,,,,,,,,,,,,,,,,,,,,,,,,,,,,,
2022-07-19 00:00:00,Tue,6,9,17,19,31,34,46,4,,,,,,,,,,,,,,,,,,,,,,,,,,,,,
2022-07-15 00:00:00,Fri,4,7,12,18,29,47,49,48,,,,,,,,,,,,,,,,,,,,,,,,,,,,,
2022-07-12 00:00:00,Tue,8,11,15,16,26,29,40,37,,,,,,,,,,,,,,,,,,,,,,,,,,,,,
2022-07-08 00:00:00,Fri,7,12,14,18,46,47,49,19,,,,,,,,,,,,,,,,,,,,,,,,,,,,,
2022-07-05 00:00:00,Tue,12,29,33,35,38,41,46,13,,,,,,,,,,,,,,,,,,,,,,,,,,,,,
2022-07-01 00:00:00,Fri,1,11,13,14,25,36,47,50,,,,,,,,,,,,,,,,,,,,,,,,,,,,,
2022-06-28 00:00:00,Tue,8,19,22,41,42,46,47,10,,,,,,,,,,,,,,,,,,,,,,,,,,,,,
2022-06-24 00:00:00,Fri,3,9,17,19,20,44,50,28,,,,,,,,,,,,,,,,,,,,,,,,,,,,,
2022-06-21 00:00:00,Tue,2,4,5,22,32,40,50,43,,,,,,,,,,,,,,,,,,,,,,,,,,,,,
2022-06-17 00:00:00,Fri,1,10,12,21,30,39,40,38,,,,,,,,,,,,,,,,,,,,,,,,,,,,,
2022-06-14 00:00:00,Tue,11,17,18,25,36,41,50,34,,,,,,,,,,,,,,,,,,,,,,,,,,,,,
2022-06-10 00:00:00,Fri,8,14,16,17,19,22,24,23,,,,,,,,,,,,,,,,,,,,,,,,,,,,,
2022-06-07 00:00:00,Tue,6,13,17,20,28,36,44,31,,,,,,,,,,,,,,,,,,,,,,,,,,,,,
2022-06-03 00:00:00,Fri,2,16,17,21,38,43,45,42,,,,,,,,,,,,,,,,,,,,,,,,,,,,,
2022-05-31 00:00:00,Tue,6,13,23,27,35,44,50,37,,,,,,,,,,,,,,,,,,,,,,,,,,,,,
2022-05-27 00:00:00,Fri,4,9,21,22,27,31,34,5,,,,,,,,,,,,,,,,,,,,,,,,,,,,,
2022-05-24 00:00:00,Tue,12,26,30,31,35,39,45,22,,,,,,,,,,,,,,,,,,,,,,,,,,,,,
2022-05-20 00:00:00,Fri,5,6,20,29,42,44,47,14,,,,,,,,,,,,,,,,,,,,,,,,,,,,,
2022-05-17 00:00:00,Tue,10,35,38,40,45,47,48,23,,,,,,,,,,,,,,,,,,,,,,,,,,,,,
2022-05-13 00:00:00,Fri,2,22,37,38,39,42,47,30,,,,,,,,,,,,,,,,,,,,,,,,,,,,,
2022-05-10 00:00:00,Tue,6,15,18,19,20,27,28,24,,,,,,,,,,,,,,,,,,,,,,,,,,,,,
2022-05-06 00:00:00,Fri,3,6,11,18,19,28,41,26,,,,,,,,,,,,,,,,,,,,,,,,,,,,,
2022-05-03 00:00:00,Tue,6,11,22,24,27,29,33,31,,,,,,,,,,,,,,,,,,,,,,,,,,,,,
2022-04-29 00:00:00,Fri,8,9,19,32,37,46,48,45,,,,,,,,,,,,,,,,,,,,,,,,,,,,,
2022-04-26 00:00:00,Tue,3,10,15,31,35,38,42,22,,,,,,,,,,,,,,,,,,,,,,,,,,,,,
2022-04-22 00:00:00,Fri,13,14,23,30,34,36,42,33,,,,,,,,,,,,,,,,,,,,,,,,,,,,,
2022-04-19 00:00:00,Tue,1,6,10,27,42,45,50,43,,,,,,,,,,,,,,,,,,,,,,,,,,,,,
2022-04-15 00:00:00,Fri,1,6,18,21,30,32,37,35,,,,,,,,,,,,,,,,,,,,,,,,,,,,,
2022-04-12 00:00:00,Tue,3,5,7,19,32,34,50,25,,,,,,,,,,,,,,,,,,,,,,,,,,,,,
2022-04-08 00:00:00,Fri,1,2,14,15,21,26,29,4,,,,,,,,,,,,,,,,,,,,,,,,,,,,,
2022-04-05 00:00:00,Tue,14,24,34,39,43,48,50,20,,,,,,,,,,,,,,,,,,,,,,,,,,,,,
2022-04-01 00:00:00,Fri,7,10,18,29,38,43,50,41,,,,,,,,,,,,,,,,,,,,,,,,,,,,,
2022-03-29 00:00:00,Tue,7,17,32,34,39,45,47,42,,,,,,,,,,,,,,,,,,,,,,,,,,,,,
2022-03-25 00:00:00,Fri,3,7,16,18,27,32,37,17,,,,,,,,,,,,,,,,,,,,,,,,,,,,,
2022-03-22 00:00:00,Tue,14,16,20,26,33,36,48,1,,,,,,,,,,,,,,,,,,,,,,,,,,,,,
2022-03-18 00:00:00,Fri,5,7,12,18,26,29,46,25,,,,,,,,,,,,,,,,,,,,,,,,,,,,,
2022-03-15 00:00:00,Tue,3,7,12,17,23,38,40,27,,,,,,,,,,,,,,,,,,,,,,,,,,,,,
2022-03-11 00:00:00,Fri,5,7,12,22,28,43,47,1,,,,,,,,,,,,,,,,,,,,,,,,,,,,,
2022-03-08 00:00:00,Tue,10,12,13,18,25,26,37,39,,,,,,,,,,,,,,,,,,,,,,,,,,,,,
2022-03-04 00:00:00,Fri,2,4,14,18,24,46,47,23,,,,,,,,,,,,,,,,,,,,,,,,,,,,,
2022-03-01 00:00:00,Tue,5,6,28,36,40,46,50,27,,,,,,,,,,,,,,,,,,,,,,,,,,,,,
2022-02-25 00:00:00,Fri,2,4,17,28,35,44,46,5,,,,,,,,,,,,,,,,,,,,,,,,,,,,,
2022-02-22 00:00:00,Tue,3,13,26,27,28,36,45,50,,,,,,,,,,,,,,,,,,,,,,,,,,,,,
2022-02-18 00:00:00,Fri,2,3,8,11,12,37,49,36,,,,,,,,,,,,,,,,,,,,,,,,,,,,,
2022-02-15 00:00:00,Tue,19,26,28,36,40,42,48,6,,,,,,,,,,,,,,,,,,,,,,,,,,,,,
2022-02-11 00:00:00,Fri,1,10,12,30,33,34,36,4,,,,,,,,,,,,,,,,,,,,,,,,,,,,,
2022-02-08 00:00:00,Tue,16,29,32,34,38,39,47,18,,,,,,,,,,,,,,,,,,,,,,,,,,,,,
2022-02-04 00:00:00,Fri,5,15,19,22,37,46,47,1,,,,,,,,,,,,,,,,,,,,,,,,,,,,,
2022-02-01 00:00:00,Tue,9,14,24,26,29,39,49,42,,,,,,,,,,,,,,,,,,,,,,,,,,,,,